标题,Up主,URL链接,播放量,弹幕量,简介,点赞量,投币量,收藏量,分享量,分区,上传日期
我膨胀了！居然敢为300人做饭！,绵羊料理,https://www.bilibili.com/video/BV1gBp7enES8,426.8万,1.0万,今天的食材：80斤肉！话不多说，直接开干！,28.6万,22.7万,28.6万,6215,"['bilibili食界杯', '美食', '美食制作', '学校', '美食制作', '公益', '厨艺', '生活', 'vlog', '食堂']",2024-09-10 17:30:00
《原神》基尼奇角色PV——「生意」,原神,https://www.bilibili.com/video/BV1Mj4zeSEqW,175.8万,6818,"虽然阿乔经常对基尼奇的生计指指点点，但它打心底认为，以其伟大圣龙库胡勒阿乔的身份而言，其实自己不应该对这类鸡毛蒜皮的小事如此上心。
但如果不多出点馊主意，这皮硬的小子要怎么才能快点完蛋呢？

中文CV：
基尼奇——斑马
「伟大圣龙（自称）」库胡勒阿乔——弭洋

日文CV：
基尼奇——杉山纪彰
「伟大圣龙（自称）」库胡勒阿乔——竹内顺子

《原神》bilibili服下载地址：https://www.biligame.com/detail/?id=103496",19.9万,4.2万,19.9万,1.7万,"['游戏', '手机游戏', '基尼奇', '米哈游', 'miHoYo', '原神', '原神5.0']",2024-09-12 12:00:00
中秋节礼盒测测测！,杜海皇,https://www.bilibili.com/video/BV1zw4nejEXm,112.8万,1.6万,"希望各位观众老爷们喜欢这期视频！
喜欢记得点赞/投币/收藏/分享！",11.5万,5.2万,11.5万,2164,"['搞笑研究所', '生活', '搞笑', '搞笑', '奇葩', '逗比', '幽默', '生活', '测评', '娱乐', '高能', '搞笑研究所2024 6.0', '杜海皇']",2024-09-12 18:20:03
纯黑《黑神话：悟空》全程无伤攻略解说 第六期,-纯黑-,https://www.bilibili.com/video/BV1cx4WetEVT,81.5万,1.2万,"ED非官方部分素材出处：BV1e7421R7sR非全收集攻略，但每一期开始前会把之前落下的东西收集全。为了我的心理健康，不会再做构式BOSS了！莲眼是最后一个！（除非和主线有很大关联）
一般情况下会根据游戏背景选择会用哪种语言的歌曲做片尾，但奈何自己中文歌听的太少（没有说中文歌不好的意思，死宅一般只听ACG相关歌曲导致的），只能选兼容性较强的英文歌了。制作片尾需要大量时间精力，已经做好的不可能再更换。",11.4万,12.7万,11.4万,3218,"['游戏', '单机游戏', '纯黑', '解说', '无伤', '悟空', '攻略', '黑神话', '不白', '不能', '寅虎', '辰龙']",2024-09-13 12:00:00
特别节目——国足公司,大鹏懂个球儿,https://www.bilibili.com/video/BV1sr4BeCE1w,129.2万,4093,笑梗不笑人，不喜请轻喷。,10.2万,7.2万,10.2万,2.3万,"['运动', '足球', '国足', '中国足球', '体育', '足球', '中国男足']",2024-09-11 11:10:42
“我们都是小怪兽，总有一天会…”是上杉绘梨衣唱了《最后的旅行》【龙族：卡塞尔之门公测主题曲】,鹿火CAVY,https://www.bilibili.com/video/BV17y4ae7Ezz,294.5万,2587,"“命运十字路口，谢谢你曾停留。”
“站在十字路口，再回首，世界如此温柔。”
是录歌时眼眶湿了一遍又一遍的一首555
曾为我们带来无数感动的龙族，时隔多年后得到重生！
9月12日，《龙族：卡塞尔之门》公测在即，
明天上午十点，我们准时相约卡塞尔学院！见证小怪兽们的名字再度“手牵手”！

—————————————————————————————
游戏《龙族：卡塞尔之门》主题曲
歌曲：《最后的旅行》
作词：陌离【浮声未歇】
作曲：164
演唱：鹿火Cavy
编曲：忒格路
制作人：刘鑫磊
吉他：颖琴思
Bass：颖琴思
和声：漆柚
弦乐：国际首席爱乐乐团
音频编辑：刘鑫磊/漆柚
混音：Alex
母带：Alex",8.2万,2.4万,8.2万,1.0万,"['音乐', '翻唱', '上杉绘梨衣', '绘梨衣', '龙族', '二次元', 'cos', '龙族：卡塞尔之门', '鹿火']",2024-09-11 10:00:00
这回对味儿了吧！ง •̀_•́)ง,陕北说书艺人熊竹英,https://www.bilibili.com/video/BV1C1pseZEhN,181.5万,1086,-,29.3万,3.7万,29.3万,7603,"['音乐', '演奏', '民乐', '传统文化', '《黑神话•悟空》', '陕北说书熊竹英', '黑神话里的陕北说书人', '三弦', '非物质文化遗产', 'steam游戏']",2024-09-10 15:53:24
【年度巨制】琪计划：出击【2024崩坏3同人大电影】,特效小哥studio,https://www.bilibili.com/video/BV1UxpEe7Ej3,218.8万,2.0万,"琪亚娜！出击！
祝崩坏3八周年生日快乐！",18.8万,12.6万,18.8万,2.8万,"['崩坏3周年环游记', '游戏', '手机游戏', '游戏', '手机游戏', '琪亚娜', '崩坏3', '崩坏3同人大电影', '孑遗千星', '崩坏3八周年庆典', '感动', '薇塔']",2024-09-10 12:00:00
《清风小蛇》你就是穿越大军中那0.0001%的非人类！,小清风漫谈,https://www.bilibili.com/video/BV1v84Ye1Evf,274.2万,473,Not Found,2.0万,6255,2.0万,51,"['UP！原创动画', '动画', '同人·手书', '原创动画', '小蛇', 'UP！原创动画3.0超时空高校季']",2024-09-10 21:24:55
究极的海马传说【水无月菌】,水无月菌,https://www.bilibili.com/video/BV1ma4seGEMM,64.0万,3567,感谢观看！！！喜欢记得三连点个关注！！！,9.7万,7.2万,9.7万,9061,"['游戏', '桌游棋牌', '娱乐', '实况解说', '游戏王', '桌游棋牌', '游戏王大师决斗', '游戏王 Master Duel', '卡牌游戏', '大师决斗']",2024-09-13 20:00:00
《终极格斗4》博伊卡vs监狱之王！超燃动作电影！肾上腺素飙升！,摩斯神探,https://www.bilibili.com/video/BV1QbpsezEjS,356.6万,1820,《终极斗士4》,4.1万,2183,4.1万,262,"['人人都能聊影视', '影视', '影视杂谈', '动作电影', '电影解说', '博伊卡', '人人都能聊影视3.0']",2024-09-11 07:00:00
30亩老山塘的最后一网，能否摘掉李赔光这个名号？,李维刚的日常,https://www.bilibili.com/video/BV1Zo4BeYEBk,145.9万,9050,Not Found,12.5万,3.0万,12.5万,1455,"['记录美好农村生活', '生活', '三农', '生活记录', '乡村', '抓鱼', '农村生活', '小青年大丰收']",2024-09-11 18:38:24
《归龙潮》长命锁PV | 有心没心，何者能活？,归龙潮,https://www.bilibili.com/video/BV1XK4zexEZc,335.1万,875,"「我用自己的心换了什么？」
「商业机密~没有心，才能活得更好，赚的更多。」
「所以，你也想典当自己的心么？」

➤《归龙潮》全平台公测预下载现已开启！
✦公测开启时间：9月13日10:00
✦立即前往下载：https://www.biligame.com/detail/?id=109978✦预下载指引：https://www.bilibili.com/opus/975737550873296953",8.4万,1.6万,8.4万,7946,"['游戏', '手机游戏', 'PV', '归龙潮', '归龙潮公测定档', '归龙潮913公测', '长命锁']",2024-09-11 19:04:29
全网完成度最高的《道诡异仙》联动游戏实机！（是真的是真的不是坐忘道！！）,新倩女幽魂电脑版,https://www.bilibili.com/video/BV12f4qeGE5k,313.0万,1565,"全网完成度最高的《道诡异仙》实机游戏来了！5分钟概念剧情&实机内录直接呈上！
不用等N年N个月，【9月19日】即刻上线！
新倩女幽魂×道诡异仙官方，联动版硬生生做了个3D水墨修仙大世界！
不仅是单机体验，而且全！流！程！免！费！
坐忘道不骗坐忘道！不信看片！

*本片实机部分配乐来自王朝1982《坐忘道》正版授权",6.2万,8489,6.2万,1.7万,"['游戏', '网络游戏', '恐怖', '新倩女幽魂', '单机游戏', '国风', '灵异', '道诡异仙', '李火旺', '新倩女幽魂联动道诡异仙', '网络小说']",2024-09-12 11:00:00
曾经爆红全球的小鸟游戏!究竟隐藏着什么结局？！,日向源,https://www.bilibili.com/video/BV1En4keCE9e,88.4万,1205,"游戏下载链接：https://pan.quark.cn/s/5a546871df33
本期不仅是补全童年的旅程
也是圆梦童年的旅程
自动和梅弟认识之后
得知了他几个月的坚持让我非常动容
随后我们便开始了各方面的合作
在他已经实现的基础上
进一步做出了更多优化
以及新增了各种功能
最终全部历时接近6个月
才给大家带来本期视频
后续有机会的话
我们后续会再合作修复模拟动物人生这款游戏
这一切就看各位的三连支持了！
有了这次的经验
动物模拟人生的修复
相信不要两个月我们就可以做出来
最后喜欢本期视频千万不要忘记给梅弟点个关注
知道了他的经历
让我想起了自己以前第一次学习游戏开发
真就是这样一路摸爬滚打过来的呀",6.7万,4.2万,6.7万,1652,"['万物皆可游戏', '游戏', '单机游戏', '小游戏', '怀旧', '童年回忆杀', '模拟经营', '游戏杂谈', '4399', '实况解说', '展翅高飞', '游戏鉴赏家']",2024-09-12 12:30:00
🔨我叫王大锤，是白客，正在参加一档真人秀！🔨,业余旋手,https://www.bilibili.com/video/BV1414heoEAh,161.8万,1088,万里挑一的局——大锤版！,13.7万,2.5万,13.7万,6706,"['综艺爆款大本营', '娱乐', '综艺', '白客', '万合天宜', '喜剧', '王大锤', '真人秀', '万万没想到', '爆笑', '万里挑一的局', '剧综爆款夏令营-UP影剧综指南']",2024-09-10 18:11:53
《小杨有约04#》：天才,小杨Johnson,https://www.bilibili.com/video/BV1ir4zeaEvH,63.0万,6531,"小杨有约第四期！
视频内容纯属娱乐，不要当真～
你希望在节目里看到谁呢？
欢迎关注！一键三连也拜托了！！",8.6万,3.6万,8.6万,1216,"['生活', '搞笑', '高能', '生活', '娱乐', '搞笑', '转转联名', '转运旺一下', '转转旺旺联名', '小杨', '小潮院长', '小潮team']",2024-09-13 12:00:00
懂王哈里斯战后分析 泰勒斯威夫特正式归票民主党,波士顿圆脸,https://www.bilibili.com/video/BV15A4zebEz3,153.1万,1.7万,Not Found,8.8万,1.3万,8.8万,3447,"['环球资讯站', '资讯', '环球', '社会', '美国', '犯罪', '法律', '懂王', '拜登', '哈里斯', '美国大选', '资讯直通车4.0']",2024-09-11 19:31:21
老师：出去就说是我教的,新华社,https://www.bilibili.com/video/BV1SapseqEQx,133.4万,1225,"视频：赵紫羽
策划：黄康懿、苏家梁、庄云凯",16.7万,2.0万,16.7万,3455,"['资讯', '热点', '学习', '校园', '教育', '教师', '新华社', '老师', '教师节']",2024-09-10 15:22:12
11岁儿子被侵犯，父亲把嫌犯打到不成人形，随后霸气自首！,格斗迷官方,https://www.bilibili.com/video/BV1mc4heoErH,140.2万,2636,11岁儿子被侵犯，父亲把嫌犯打到不成人形，随后霸气自首！,17.5万,1236,17.5万,1139,"['运动', '竞技体育', '拳击', '格斗', '霸气', 'mma', '格斗迷']",2024-09-10 18:52:34
第一次出任务好紧张,Re-0v0,https://www.bilibili.com/video/BV1rk4peoEZh,409.9万,1815,-,39.6万,2.2万,39.6万,5.7万,"['黑神话天命人来也', '游戏', '单机游戏', '黑神话悟空', '《黑神话：悟空》8.20 直面天命']",2024-09-12 18:49:25
【不】 要 离 开,半宅films,https://www.bilibili.com/video/BV1Ww4BegEb2,57.2万,157,"电影：《禁闭岛》《超凡蜘蛛侠》《和莎莫的500天》《飞屋环游记》《暖暖内含光》《乔乔的异想世界》《银翼杀手2049》《教父2》
BGM：Two Different Worlds（后期自己调慢了）",14.9万,2.9万,14.9万,5632,"['影视神仙剪刀手', '影视', '影视剪辑', '蜘蛛侠', '影视剪辑', '教父', '乔乔的异想世界', '神仙剪刀手5.0', '和莎莫的500天', '暖暖内含光', '飞屋环游记', '银翼杀手', '格温']",2024-09-11 12:02:35
谁是海难吸铁石？【硬核狠人70】,小约翰可汗,https://www.bilibili.com/video/BV1kepjePEPz,268.1万,2.3万,本篇为硬核狠人之查尔斯·赫伯特·莱托勒。,21.5万,13.7万,21.5万,8340,"['人文历史档案馆', '知识', '人文历史', '人文', '知识', '历史', '泰坦尼克号', '英国', '敦刻尔克', '世界史', '航海', '狠人']",2024-09-10 11:00:00
探秘中国武器玩家的军火库！场面太震撼！都有什么枪？,老李船长,https://www.bilibili.com/video/BV1BmpEeAENT,172.9万,5604,点赞到15W！让马哥带我体验国产全自动！兄弟们！记得点啊！,9.1万,1.9万,9.1万,4096,"['我们的小城游记', '生活', '出行', '生活', '4K', '高能', '评测', '搞笑', '三角洲行动', '户外', '出行', '探店']",2024-09-10 17:05:00
“订婚之喜，爱意公之于众”,啊狼和瑞娅,https://www.bilibili.com/video/BV1iN4ne5EbC,67.4万,2039,Not Found,16.2万,5.0万,16.2万,597,"['跨文化研究小会', '生活', '日常', '生活记录', '情感', '爱情', '家庭', '婚姻', '跨国情侣', '跨文化研究小会4.0']",2024-09-12 17:52:56
全网首发！1级无伤二郎神，全招式处理！（无根器禁神通丹药法宝）【黑神话：悟空】,-撩人心-,https://www.bilibili.com/video/BV1Pm46e7EY8,66.7万,3056,"不知道这场80小时努力浓缩成的史诗级战斗可否让各位天命人给出手里宝贵的三连？满城百姓，感谢不尽！
目前总游戏时长120小时，单二郎神就花费了80小时，还在一周目。其实在50小时就已经几乎摸透他所有招式了，但是三阶段的变招实在太多，经常反应不过来中招。
装备详情跳转8：25，武器带了金箍棒。如果用初始武器，那全片可能会超过30分钟，对我或者对观众来说应该都是一种折磨。套装是凡品大圣套，无任何伤害方面的增益，纯粹为了好看。虽然人物90级，但是把点洗完了，相当于就是1级的状态，生命耐力那些仙丹我也已经全部回炉，野外捡的仙丹没法回炉，所以耐力条会比真正的1级状态稍微长一点，同时我也带了加耐力的珍玩。根器也全部洗掉了，其中有一个加闪避无敌帧的根器可以说是质变，没了这个根器之后，很多本来能翻滚躲掉的招式都不能躲了，无敌帧变短了，导致我必须去蹭闪身，或者是尝试新的处理方法，极大增加了学习成本。
视频封面来自",5.7万,4.6万,5.7万,8679,"['黑神话天命人来也', '游戏', '单机游戏', '杨戬', '游戏', '单机游戏', '二郎神', '无伤', '国产游戏', '黑神话悟空', '1级', '二郎显圣真君', '《黑神话：悟空》8.20 直面天命']",2024-09-11 23:42:33
我奶酪呢！！！！！！！！,高斯Goh,https://www.bilibili.com/video/BV1Z2421Z7ha,198.7万,1.1万,"希望你喜欢这次的视频，这次玩的游戏是《奶酪大盗》。
接下来我来详细介绍一下规则。 
游戏步骤： 1、分发身份牌并摇骰子，秘密查看身份及骰子点数。 
2、天黑请闭眼，主持人叫到点数时，对应点数的玩家睁眼并行动。 
如果一个嗜睡老鼠独自醒来，可以秘密地查看任意一名玩家的骰子。 
如果不止一个人醒来，则不能查看骰子。 
无论多少人睁眼，大盗醒来都一定要偷走奶酪。 
3、天亮前，所有人伸出手，大盗睁眼选择共犯，共犯睁眼与大盗确认。 
4、公开讨论后，投票指认奶酪大盗。 
嗜睡老鼠胜利条件：正确指认奶酪大盗 
大盗及共犯胜利条件：嗜睡老鼠或共犯被指认。 
也就是说，共犯需要充当挡箭牌。
记得三连！！！！！",17.1万,8.0万,17.1万,4026,"['桌游棋牌游戏推荐', '游戏', '桌游棋牌', '生活', '日常', '推理', '搞笑', '聚会', '沙雕', '整活', '小潮team', '奶酪大盗']",2024-09-10 12:00:00
【龙族：卡塞尔之门】《最后的旅行》剧情手书｜ 公测主题曲,哈米伦的弄笛者,https://www.bilibili.com/video/BV1JE4hejE7N,72.8万,782,"最后的旅行
“我们都是小怪兽，有一天会被正义的奥特曼杀死。”
“如果世界不喜欢你，那它就是我的敌人了。”
——在那天，红发的女孩笑着和你告别。

 STAFF表（排名不分先后）
主策划：哈米伦的弄笛者
主笔：大写的TY
文案：吱咕咕咕咕
分镜：阿律
画师：酱油；陈_藏藏器；夏至君Xzone；浅川未白；浅海ACG；板烧章鱼球；永乐界；二扯领证喽；砜砜在肝了；N-杯水；枸杞；沉默；高广月；辉羽；之画；没错儿
后期：沭沐rle
封面：佑木，李缘忻
音乐部分
作词：陌离【浮声未歇】
作曲：164
演唱：鹿火Cavy
编曲：忒格路
制作人：刘鑫磊",3.5万,1.9万,3.5万,1.4万,"['《龙族：卡塞尔之门》龙蛋狂欢节', '动画', '同人·手书', '手书', '绘梨衣', '手机游戏', '龙族', '同人', '龙族卡塞尔之门', '满眼都是你的白月光', '被龙族记忆硬控30s', '最后的旅行']",2024-09-11 12:00:00
【崩坏3周年放映厅】女王：只有我找不到工作怎么想都不是我的错！！！,粥粥的奇妙冒险,https://www.bilibili.com/video/BV1ADHXeKEzT,43.1万,511,"真是美味（舔）~

分镜/编剧:
粥粥的奇妙冒险
作画：
粥粥的奇妙冒险
渐变映畫 便宜糖

后期：
粥粥的奇妙冒险
欧洲的玖菜

配音：
女王：星狸
芽衣：星狸
大鸭鸭：菌可
爱衣：阿童木
舰长：范小飞
识宝：阿童木
符华：星狸",4.9万,1.3万,4.9万,6011,"['崩坏3周年环游记', '动画', '同人·手书', '女王', '搞笑', '手机游戏', '崩坏3', '泉之精灵', '崩坏3生日会', '崩坏3八周年', '崩坏3周年放映厅', '芽衣']",2024-09-12 12:00:00
一口气了解迪拜经济和它奢华表面的背后...,小Lin说,https://www.bilibili.com/video/BV1ad4EeaE7a,94.7万,7229,"朋友们，咱们今天来一口气了解迪拜经济，它怎么能依靠非常少量的石油，做到中东土豪中最""壕""的存在？
这背后的代价又是什么？",4.8万,1.9万,4.8万,3904,"['青年用「财」图鉴', '知识', '财经商业', '财经', '迪拜', '全球经济', '沙特', '中东', '青年用「财」图鉴4.0']",2024-09-12 12:20:01
《金 广 发 当 面 回 收》,正宗转转APP,https://www.bilibili.com/video/BV1my4hetEPf,86.8万,1426,"当面有什么不懂的？我不明白
话要当面说
日子要当面过
帮人系鞋带也得当面系
鸡腿要当面现炸，要不它不好吃明白吗
手机当然也要当！面！回！收！",9.6万,4034,9.6万,4917,"['生活', '日常', '华为', '数码', '苹果', '手机', '金广发', '转转官方验', '转转回收季', '转转', 'iPhone']",2024-09-11 10:30:00
『诡异警示牌』附近有巨鸟食人？日本森林真的存在巨型鸟类吗?,L探员,https://www.bilibili.com/video/BV1ys4zeVEea,193.9万,234,Not Found,5332,700,5332,61,"['人文历史档案馆', '知识', '人文历史', '趣闻', '冷知识', '都市传说', '奇闻', '未解之谜', '警示牌', '梦核']",2024-09-11 18:09:11
警察丢了枪，后果有多严重，三颗子弹，就是六条人命！,猛虎电影,https://www.bilibili.com/video/BV1wop7eMEja,355.3万,3087,国产悬疑电影《寻枪》,7.1万,2216,7.1万,779,"['影视', '影视杂谈', '影视剪辑', '电影剪辑', '国产电影', '电影解说', '悬疑电影', 'B站好片有奖种草']",2024-09-09 21:03:30
【曹璐】我们一起做到了 时隔8年打歌舞台,曹璐LuLu,https://www.bilibili.com/video/BV1Vk4ZeyEJB,26.7万,1184,-,6.4万,6.3万,6.4万,1832,"['Fiestar回归', '音乐', '音乐现场', '曹璐', '音乐银行', '音乐现场', '舞台', '可怜', '打歌舞台', 'Fiestar可怜二创']",2024-09-13 18:13:58
【楚门的世界】“假如某天见不到你”,帕克剪,https://www.bilibili.com/video/BV1NQp7erEbN,59.6万,199,祝你们 早安 午安 晚安,17.5万,1.0万,17.5万,1189,"['影视神仙剪刀手', '影视', '影视剪辑', '经典电影', '金凯瑞', '楚门的世界', '影视剪辑', '电影', '神仙剪刀手5.0', '高分电影']",2024-09-09 21:18:09
手机后盖磁吸小镜子,喜欢拍照的皮皮,https://www.bilibili.com/video/BV1K74qe3Er6,139.8万,71,-,7.7万,2817,7.7万,4149,"['生活这件小事', '生活', '日常', '必剪创作', '生活万花筒14.0-给生活的planB']",2024-09-11 14:08:11
《打火机》“那些垄断式发明怎么来的”,是铮铮啊Zz,https://www.bilibili.com/video/BV1Je4zeMEkV,98.4万,226,-,12.8万,382,12.8万,198,"['知识', '人文历史', '科普', '打火机', '抽象艺术', '邵东']",2024-09-11 18:05:25
心理学上的暗示技巧,刘大大大涛,https://www.bilibili.com/video/BV1kepjePEBW,164.4万,116,Not Found,8.0万,1134,8.0万,475,"['热点观察局', '知识', '社科·法律·心理', '技巧', '逻辑', '心理学', '心理', '热点', '人格', '心理暗示', '心理咨询师', '知识分享', '资讯直通车4.0']",2024-09-11 19:00:00
国足1:2不敌沙特，天胡开局也能崩盘？,何胜0423,https://www.bilibili.com/video/BV1Wd4YeZEqG,185.1万,1.3万,"梭渔湾球场响起了下课声，留给伊万的时间还有多少？
留给中国队的时间又有多少？哎...

感谢视频部分素材提供",6.2万,4033,6.2万,4503,"['国足世预赛前方观赛团', '运动', '足球', '体育', '国足', '中国队', '世界杯', '中国足球', '中国', '足球', '退钱哥']",2024-09-11 05:14:49
《弃医从厨》,伤心欲茄222,https://www.bilibili.com/video/BV1vM4neGEPW,126.0万,907,素材：Hi雨.,11.5万,2530,11.5万,6977,"['搞笑研究所', '生活', '搞笑', '搞笑', '搞笑研究所2024 6.0', '八嘎']",2024-09-12 18:01:43
教师节快乐！,脱缰凯Kk,https://www.bilibili.com/video/BV1Rm48eiE6C,119.0万,2530,-,15.0万,8548,15.0万,1301,"['我在B站拍短剧', '影视', '小剧场', '短片', '校园', '原创', '剧情', '作业', '老师', '大学生', 'B站剧情创作人2.0']",2024-09-10 20:45:22
这是你们说的那个黑神话吗？总感觉不太对劲,KF凯蜂,https://www.bilibili.com/video/BV1nY4Ee7Ek3,79.5万,329,游戏名：黑神话吉吉国王 作者,7713,1663,7713,99,"['整点电子榨菜', '游戏', '单机游戏', '单机游戏', '搞笑', '游戏实况', '黑神话悟空', '黑神话抢先版', '黑神话吉吉国王', '沙雕', 'steam游戏', '沙雕游戏']",2024-09-12 12:01:28
飞机工程师，帮我的帝豪改自动驾驶？,极速拍档,https://www.bilibili.com/video/BV1Xv4YeGED3,74.0万,6473,Not Found,5.4万,2.8万,5.4万,4399,"['汽车', '汽车生活', '云南', '改装', '4K', '帝豪雷神', '帝豪', '工程师', '国产车', '吉利汽车', '辅助驾驶', '民间科学家']",2024-09-11 11:00:00
如果是学生出题考老师,美女大杨杨,https://www.bilibili.com/video/BV1uR4ze9EdZ,73.0万,124,-,9.7万,584,9.7万,338,"['生活', '日常', '考试', '校园', '李宗恒', '学生', '剧终', '老师', '考试范围', '送分题', '都选C', '体育老师教的']",2024-09-11 16:45:45
组建大象部落，做高科技南蛮！【帝国时代4】,DarkCarrot,https://www.bilibili.com/video/BV17m4peWESv,61.0万,3317,"《帝国时代4》的第31期视频！拿出了1003%的制作水准！游牧自由混战！使用德里苏丹！
德里苏丹是全游戏唯一可以使用战象的文明，而最新的平衡补丁加进行了加强，于是我立刻来表演一盘大后期！
这场游牧的地图为【陆地超级随机】，这时帝国4考虑到玩家不会打海吃鱼而专门出的第二张游牧地图。
这盘用上了德里所有的特性和科技，并在三本选择了最新最关键的地标——学苑！
在最后的三国局面，我成为了最强南蛮，但是，我需要面临一个强大的联盟，之后我就不剧透了！
考虑到观众也想尝试这种排山倒海的爽局，视频里对德里的运营和特性介绍得比较详细！
仔细选择了BGM，更完整地展示了战斗场面，希望大家喜欢，我猜播放量不超过3万，先奶一口！",5.4万,2.7万,5.4万,1378,"['推荐宝藏游戏', '游戏', '单机游戏', '电子竞技', '8人混战', '游牧模式', '战象、', '即时战略', '智斗', '燃向', '帝国时代4', '德里苏丹']",2024-09-12 18:33:32
我们太习惯烛火了，以至于忽略了其他的东西。,何大爷课堂,https://www.bilibili.com/video/BV1tW4newEVP,88.3万,165,Not Found,11.1万,1562,11.1万,382,"['知识', '人文历史', '人文', '科普', '绘画']",2024-09-12 20:00:00
这欢乐颂也太绝了，安详的感觉，一时半会说不清儿,白玉思无瑕x,https://www.bilibili.com/video/BV1RY4YeCEAF,99.9万,201,-,11.6万,6206,11.6万,4849,"['音乐', '音乐现场', '女神', '情感', '欢乐颂', '音乐', '轻音乐', '生活记录', '放松', '感悟', '必剪创作']",2024-09-10 20:54:53
体育大学生vs100人公司，胜者瓜分7万元，转椅大赛2.0！影视飓风破产团建6.0,飓多多StormCrew,https://www.bilibili.com/video/BV1kE4HesEUP,68.5万,2033,转椅逃亡大赛2.0来袭！这次我们邀请了8位体力耐力超群的体育大学生和我们一起玩，由他们对阵影视飓风全员，争夺7万元的奖池！如果你喜欢这期节目别忘了点赞投币分享支持一波！,4.6万,1.2万,4.6万,1193,"['搞笑研究所', '生活', '搞笑', '娱乐', '英雄联盟', 'LPL', '搞笑研究所2024 6.0', '挑战', '大学生', 'TGIF', '电竞椅', '影视飓风', '整活']",2024-09-12 17:00:00
卖不完怎么办？,日成烧腊_阿深,https://www.bilibili.com/video/BV1Zr48erERk,184.2万,146,-,12.8万,1066,12.8万,201,"['秋收九月·美食团圆会', '美食', '美食记录', '街头美食', '高能', '创业', '日成烧腊', '猪肉', '探店', 'Vlog', '脆皮烧猪肉', '秋日美食吃喝大赏']",2024-09-10 19:47:38
深度|| 隋末霸王比天策上将差在了哪？,渤海小吏,https://www.bilibili.com/video/BV1fx4HeUE4c,41.1万,3831,"1、隋末的最强搅屎棍是谁？
2、人算不如天算的李密差在了哪口气？
3、为什么李密制止不住注定错误的军事决定？
4、李渊是怎样用“阳谋”把李密“合法”干掉的？
5、隋末霸王的终评",4.3万,4.5万,4.3万,728,"['分享人文历史', '知识', '人文历史', '李世民', '霸王', '李密', '唐朝', '瓦岗寨', '隋唐', '李渊', '大唐气象', '王世充']",2024-09-13 11:00:00
【崩坏3同人大电影】主题曲「飞鸟说」,YuH_ChiliChill,https://www.bilibili.com/video/BV1XjpEeWEex,41.0万,460,"作词、作曲：ChiliChill
演唱：ChiliChill
合唱：再见动物园合唱团
音乐制作：ChiliChill
编曲：ChiliChill
吉他：枫丶CreeCai
贝斯：小伍Satori
鼓：Nik Hughes
合唱指挥：杨馥榕
合唱录音：李品一
合唱录音室：凌音音乐 Ascentone music
混音：ChiliChill
母带：ChiliChill

监督：青空-AoiSora
分镜：青空-AoiSora
演出：河豚酱酱酱 AoiSora7
角色·小物设计：河豚酱酱酱
花束·花瓶设计：河豚酱酱酱

总作画监督：左丘雏
作画监督：枣
特效作画监督：伊爱可丝exe

原画
shikaku 在火星 GzDteee 红车 84 灰色菓儿 千叶雏 河豚酱酱酱 小肥鸡 广隶 左丘雏 天蓝灰 jhl 伊爱可丝exe AoiSora7
特殊作画：鱼人

第二原画

二原
猫甲 梦叶 余灰 林凌柒lzs Echoinwind 王思语 nagi 晴天 阿king 星 风声 プロジェクト， 朱军 杨振宇 冯云霄 李欣诚 张耀邦
动画
猫甲，梦叶，余灰，月下的小面包，Echoinwind，kyle，中割君，星，安安
上色
博雅斯动漫工作室，南柯一梦，余灰
动检：G社是天

美术监督：狸太 芦苇
场景设计：狸太 AoiSora7
色彩设计·指定：芦苇

美术：狸太 耿大爷 Mumei 芦苇

摄影监督：ExDDD 二少 水豚
摄影：
紫 渡狸 阿墨 小黄鸭 伏雨雨宿 狸太 芦苇 ExDDD 文文 烤鸡 二少 水豚 子弹壳 栗栖Kurias

摄影制片：ExDDD

特殊效果：狸太

制作进行：G社是天
制片：青空-AoiSora
编集：伊爱可丝exe 青空-AoiSora",7.3万,3.8万,7.3万,5621,"['崩坏3周年环游记', '音乐', '原创音乐', '动画', '原创音乐', 'PV', '主题曲', '琪亚娜', '崩坏3', '崩坏3同人大电影', '崩坏3生日会', '七里桥']",2024-09-10 18:00:00
老王踢馆校园，教导主任挺身而出，打不过就毁灭吧,超级草根_王师傅,https://www.bilibili.com/video/BV1ke4nesE5e,88.4万,295,-,10.0万,1856,10.0万,465,"['运动', '篮球', '教育', '篮球', '单挑']",2024-09-12 16:52:43
我们的鸽《鹈鹕灌顶》,张小伙玩配音,https://www.bilibili.com/video/BV1by4hetEAf,86.1万,421,改编自-王力宏《我们的歌》,8.4万,2.8万,8.4万,1.5万,"['搞笑研究所', '生活', '搞笑', '万万没想到', '鹈鹕', '搞笑配音', '押韵', '看一遍笑一遍', '搞笑研究所2024 5.0', '张小伙玩配音']",2024-09-10 18:01:07
外国人挑战杭州水上一日游，居然偶遇白娘子本人，直呼“太city”了！,YouTube精选字幕组,https://www.bilibili.com/video/BV1pxpWeXEXF,99.6万,401,Not Found,8.0万,2253,8.0万,2543,"['生活', '出行', '中国', '旅游', '外国人', '歪果仁', 'city不city', '保保熊', '记录', '杭州', '白娘子', '杭州一日游']",2024-09-10 11:05:29
回 归 勇 士 现 状,锤子game,https://www.bilibili.com/video/BV1iF4zehEJz,133.5万,328,"你玩不玩？
你玩我肯定玩
我玩你别不玩
谁不玩谁狗
上号！",8.7万,484,8.7万,1666,"['DNF金秋畅玩季', '游戏', '网络游戏', 'DNF', '搞笑', '地下城与勇士', '现状', '大学生', '真实', '聆心计划', 'DNF金秋减负畅玩-UP主激励计划']",2024-09-12 17:05:00
14.18阿北更新解析，超大改动堪比季中赛季【金铲铲之战】【云顶之弈】林小北云顶S12,林小北Lindo,https://www.bilibili.com/video/BV1Ys4BesENw,91.6万,1311,"如果有帮助不要忘记3连哦！
不知道玩什么的
可以关注公众号林小北Lindo
获取4K一图流自动回复",5.9万,2530,5.9万,9118,"['金铲铲魔法乱斗激励计划', '游戏', '电子竞技', '英雄联盟', '电子竞技', '云顶之弈', '云顶阵容教学', '金铲铲之战', '云顶S12', '云顶之弈S12', '云顶魔法大乱斗', '金铲铲之战魔法乱斗']",2024-09-11 11:02:47
【高燃】悟空附体！一比一复刻《黑神话》招牌动作！,含亮老师,https://www.bilibili.com/video/BV1ni4reyEHE,65.6万,1471,"BGM：
黑神话悟空-云宫讯音
黑神话悟空-主题曲
黑神话悟空-灵山莫求远（广智小曲）
视频来的有点晚了，大家还有什么想看的记得在评论区留言哦！",5.9万,3.0万,5.9万,4407,"['黑神话天命人来也', '运动', '运动综合', '武术', '黑神话悟空', '黑神话健身训练营']",2024-09-12 14:06:54
可以展示！福建舰弹射系统测试首次公开,央视军事,https://www.bilibili.com/video/BV1u24HeKEhs,86.2万,2431,“2号位，模拟飞机，指挥站输入参数。”从海军辽宁舰、山东舰到福建舰，高枫先后在3艘航母服役。他所在的航空保障系统，是航母形成作战能力的核心支撑。今年5月1日，海军福建舰赴相关海域开展首次航行试验，看福建舰海试起锚驶向大海……（淬火）,4.9万,8413,4.9万,4437,"['科技', '科工机械', '海军', '解放军', '军事', '航母', '福建舰', '舰载机', '电磁弹射', '海试']",2024-09-13 07:30:00
台风是如何形成的？把干冰放在热水周围，有趣的现象发生了,科学探照灯er,https://www.bilibili.com/video/BV1vKpxe5EA6,74.5万,281,你知道台风是如何的形成的吗？,5.4万,1399,5.4万,1592,"['万物研究所', '知识', '科学科普', '台风', '科普', '天文', '自然', '知识', '科学', '实验', '物理', '科学科普', '万物研究所·夏日探索计划']",2024-09-10 17:00:00
《科摩罗》第1集：独闯非洲神秘岛国，深海诡异怪声环绕，还好最后大龙虾收获满满,OK哥环球探海记,https://www.bilibili.com/video/BV1EmpEePEPS,153.6万,4688,Not Found,6.3万,1.6万,6.3万,1433,"['跟着UP主看世界', '生活', '出行', '荒岛', '非洲', '红树林', '无人岛', '龙虾', '岛国', '海钓', '荒野探索', '抓龙虾']",2024-09-10 12:00:00
哈里斯首战大改人设，川皇魅力失灵，民主党动员能力好起来了？,小王Albert,https://www.bilibili.com/video/BV14t4nebErq,78.2万,2903,一键三连推荐给更多朋友！,4.7万,1.1万,4.7万,1218,"['2024美国大选', '知识', '人文历史', '美国', '总统', '选举', '电视辩论', '特朗普', '哈里斯', '投票', '美国总统大选', '请回答这个时代3.0']",2024-09-12 17:07:32
开学第一天就被室友冷暴力…,CCCmlng,https://www.bilibili.com/video/BV1kB4pe8EGt,88.8万,168,-,13.5万,939,13.5万,2315,"['B站小剧场', '影视', '小剧场', '大学', '搞笑', '大学生', 'B站剧情创作人2.0']",2024-09-12 18:48:37
最新世界纪录解说 国人玩家再创新高 50分58秒速通黑神话悟空,隔壁老王_QAQ,https://www.bilibili.com/video/BV1FipxeRECe,121.2万,1.0万,"原视频：BV18nHdepEUFBGM：王进打高俅—赵季平
            Night Running—Chris Doerksen
            Trance Music for Racing Game—Bobby Cole
            Shooting Stars—Bag Raiders
            云宫迅音—许镜清",3.7万,9576,3.7万,1.2万,"['黑神话天命人来也', '游戏', '单机游戏', '国人', '孙悟空', '世界纪录', '解说', '黑神话悟空', '黑神话', '速通', '邪道', 'bug', '《黑神话：悟空》8.20 直面天命']",2024-09-10 14:05:00
军迷狂喜！漠叔做二手生意！,大漠叔叔,https://www.bilibili.com/video/BV1H6HdezETb,87.8万,4033,-,5.9万,6559,5.9万,566,"['生活', '搞笑', '苹果', '娱乐', '日本', '漠叔', '回收季', '海南', '二手', '转转', '闲置', 'iPhone16']",2024-09-11 12:00:00
做了个巨型3米大蛋糕！为98个山区孩子过集体生日,小岗同学,https://www.bilibili.com/video/BV1iu4nerEuG,44.8万,693,"有些星光很弱，需要吹灭蜡烛才能看到；星星的愿望很多，需要一个超级蛋糕才能实现。这个中秋，我来到云南德宏边境小学当插班生，得知很多孩子没过过生日，我为他们制作了巨型3米大蛋糕为98个山区孩子过集体生日！
走出大山的路上，有风急雨骤，有孤夜寂寥
不要怕，明月当头，星辰相伴
一定能走向团圆和美满！",6.2万,2.8万,6.2万,410,"['给整活儿加点艺术', '生活', '搞笑', '行为艺术', '公益', '正能量', '艺术改变乡村', '小岗同学', '搞笑研究所2024 6.0', '留守儿童', '乡村', '生日蛋糕', '云南山区']",2024-09-12 18:00:24
不重逢（2024火星演唱会现场版）-华晨宇,华晨宇工作室,https://www.bilibili.com/video/BV1Ss4peuEzV,20.9万,3778,"在无边的旷野，我们自由地出发。去吹过风，也淋过雨[微风]追逐了炙热的阳光，也踏足了温暖的大地。
人生旅途，你我皆是行者，探索从来不分对错。成长就是跟过去的自己不断告别的过程。
但不管怎么变，灵魂不会变！在一次次的自我更迭中，蓄满能量，去遇见未知的美好。
华晨宇《不重逢》·2024火星演唱会Live版官摄正式上线！",2.7万,3.7万,2.7万,6382,"['华晨宇火星巡回日记', '音乐', '音乐现场', '华晨宇', '演唱会', '火星演唱会', '粉丝饭拍大赛3.0']",2024-09-12 19:45:10
芬兰表妹一家第一次在云南体验少数民族服装惊艳全场！被炸乳扇树皮炒蛋惊掉下巴！野生菌火锅傣族孔雀宴吃到不可自拔！,雨琪在芬兰,https://www.bilibili.com/video/BV1VX4neGE3K,61.8万,7925,"芬兰表妹一家第一次来云南体验白族民族妆造，全员民族服装惊艳出场简直震惊四座！表妹惊呼简直太特别啦！
云南美食真的吃都吃不完，傣族孔雀宴手抓饭上桌惊呆一群人！香茅烤鱼烤鸡简直香爆炸！获得一片好评！野生菌火锅鲜掉眉毛，超多菌子犹如走进知识盲区，认都认不出来？！炸乳扇薄荷炸牛干巴树皮炒鸡蛋，每道菜都是从没见过吃过的！完全新奇的味觉体验，表妹疯狂爱上牛干巴！还体验了白族扎染，大家都收获自己扎染的衣服，真的体验感满满！这期内容超级丰富，希望大家看的开心！爱你们！！！

*本视频含合作【神气小鹿】谢谢大家的支持，我们才有合作的机会！",4.9万,2.6万,4.9万,525,"['秋收九月·美食团圆会', '美食', '美食记录', '外国人中国行', '芬兰家人中国行', '云南美食', '回国', '傣族', '白族扎染', '菌汤火锅', '孔雀宴', '外国人吃中国美食', '秋日美食吃喝大赏']",2024-09-12 17:00:00
“踏上取经路，比抵达灵山更重要”,阿铭铭丶,https://www.bilibili.com/video/BV14D4YeAEa3,50.4万,218,Not Found,12.9万,3.0万,12.9万,3586,"['黑神话天命人来也', '游戏', '单机游戏', '正能量', '游戏杂谈', '励志', '直播录像', '黑神话悟空', '残疾人', '用嘴', '卡点', '《黑神话：悟空》8.20 直面天命']",2024-09-10 21:33:31
尖叫白鲸？错误科普？锐评北京海洋馆海水篇！,爱养鱼的卓林,https://www.bilibili.com/video/BV1rQpse9E6F,105.7万,1070,北京海洋馆海水篇，两头白鲸素材来源：,3.0万,6392,3.0万,872,"['动物观察局', '动物圈', '动物综合', '水族馆', '企鹅', '白鲸', '动物保护', '北京海洋馆', '毛孩子放风计划 亚宠季']",2024-09-10 17:30:00
原本没事的 这可真是你们自找的了,星有野,https://www.bilibili.com/video/BV1ifppe3E4c,143.4万,1757,期待已久的鸡哥战斗场面来了！时隔四年鸡哥地铁神曲再度来袭！,15.0万,1.9万,15.0万,1951,"['动画', '同人·手书', '动画短片', '原创动画', '搞笑', '原创', '星有野', '星有野鸡哥', '热血', '抽象', '正义执行', '绝区零']",2024-09-10 11:26:38
国产动画：你见过我的全盛时期吗？,进击的金厂长,https://www.bilibili.com/video/BV1iF4zehEfS,41.1万,3169,请把你最喜欢的国产动画发在评论区，康康哪部动画最受欢迎！！！,4.9万,2.2万,4.9万,827,"['原创搞笑剧情', '生活', '搞笑', '短片', '动画', '搞笑', '国漫', 'BILIBILI金电视奖']",2024-09-11 19:23:04
宗门底蕴,阿瘫呀,https://www.bilibili.com/video/BV12m4JedEjX,76.2万,187,Not Found,12.5万,507,12.5万,180,"['动画', 'MAD·AMV', '原创动画']",2024-09-12 17:31:23
【互动视频】当丧尸遍布全城！你！能否活着离开这座死亡之城？！,末世云夜,https://www.bilibili.com/video/BV1g5pqeBEXP,272.9万,2.3万,"来迟了！来迟了！
先跟大家说声抱歉！让大家久等了
本期陆陆续续做了大半年，总共制作了将近一百个视频以及上千张图片
从剧本编写到视频制作皆由个人独立完成创作
剧本更是我做互动视频以来写的量最大最头疼的一次...
好吧...其实主要也是中途修改了几次剧本，再加上白天要上班，所以就一直没能制作下去...
那么话不多说，该视频为互动类视频
包括be结局在内大概有30个来个结局，两条主线结局，一条隐藏结局可供大家探索，希望大家玩的开心
[故事介绍：我从昏迷中苏醒，身体上传来说不清的异样感，我这是怎么了？整个世界安静的有些可怕，直到我离开房间遇到了尸变的室友，我才意识到，那过去和平的日常，也许再也回不去了]
制作不易，喜欢的朋友可以三连支持一下
您的支持是我做视频的最大动力！！！！",9.1万,7.9万,9.1万,2.4万,"['游戏', '单机游戏', '互动视频', '娱乐', '僵尸', '生化危机', '生存', '丧尸', '独立游戏', '自制', '互动游戏', '末世']",2024-09-09 03:16:01
杰克:奥特飓风！,辻言toki,https://www.bilibili.com/video/BV1kj4he2ENH,101.3万,125,-,12.0万,832,12.0万,5895,"['你最喜欢的特摄', '动画', '特摄', '杰顿', '特摄', '搞笑', '奥特曼', '杰克奥特曼']",2024-09-10 19:31:54
不同民族的新娘婚服大展示，每一套婚服都美到尖叫！,李如儒也是李蠕蠕,https://www.bilibili.com/video/BV1s24BegE5P,77.7万,985,-,11.1万,5638,11.1万,625,"['影视', '小剧场', '汉服', '中国风', '婚礼', '民族']",2024-09-11 18:54:18
“紧  跟  时  事”,旎秋秋秋,https://www.bilibili.com/video/BV1bX4qe7EyB,65.9万,94,星铁又玩梗,11.3万,721,11.3万,9558,"['崩坏：星穹铁道创作者激励计划', '游戏', '单机游戏', '国足', '崩坏：星穹铁道', '崩坏星穹铁道', '崩坏星穹铁道飞霄', '崩坏星穹铁道2.5创作者激励计划']",2024-09-11 16:20:00
给新来的军爷上一课..,自律的悍匪,https://www.bilibili.com/video/BV1Zd4BeAEdA,97.1万,207,-,11.8万,600,11.8万,448,"['健身整花活儿', '运动', '健身', '街舞', '健身', '军爷', '巴西战舞', '新生', '空翻', '自律', '全民暑期健身挑战']",2024-09-11 18:41:59
和高中好朋友一起上大学到底有多爽,七颗猩猩QKXX,https://www.bilibili.com/video/BV1Mj4zeSE5L,70.8万,417,-,8.5万,1601,8.5万,2244,"['原创搞笑剧情', '生活', '搞笑', '生活记录', '校园', '大学生活', '高中', 'BILIBILI金电视奖']",2024-09-11 17:27:11
特朗普舌战哈里斯，双方都说自己赢了？,麻薯波比呀,https://www.bilibili.com/video/BV1eu4nerEsB,74.8万,2677,特朗普舌战哈里斯，双方都说自己赢了？,5.0万,7207,5.0万,1024,"['2024美国大选', '知识', '社科·法律·心理', '懂王', '美国大选2024', '美国总统', '美国大选', '哈里斯', '特朗普', '请回答这个时代3.0']",2024-09-12 17:57:01
"""这玩意儿比金箍棒好用多了""",酸奶没有纯牛奶好喝,https://www.bilibili.com/video/BV1bk4YeqEDX,167.5万,1220,Not Found,10.3万,1303,10.3万,2.6万,"['推荐宝藏游戏', '游戏', '单机游戏', '单机游戏', '齐天大圣', 'STEAM', '4K', 'R星', '黑神话悟空', '荒野大镖客2', '亚瑟摩根', '约翰马斯顿']",2024-09-10 22:03:40
派送给自己的外卖,香蕉猫小剧场,https://www.bilibili.com/video/BV1du4rewEcN,73.6万,168,改编自真实新闻,13.7万,456,13.7万,69,"['生活', '搞笑', '改编', '搞笑', '生活记录', '猫meme', '真实', '记录', '外卖', '网络故事']",2024-09-11 22:26:05
成为校霸第一步,我不是王子龙,https://www.bilibili.com/video/BV1yp4zeyEeV,141.6万,94,-,11.0万,291,11.0万,1851,"['在整一种很新的活', '生活', '搞笑', '高能', '搞笑', '校园', '生活记录', '原创', '大学生', '精神状态', '搞笑新星训练营2024 3.0']",2024-09-11 18:16:39
这狐狸尾巴成精了！,紫嘉儿,https://www.bilibili.com/video/BV1iT4aekEyn,66.6万,67,这狐狸尾巴成精了！,10.9万,1375,10.9万,1433,"['生活', '日常', '紫嘉儿', 'cos', '小视频', '宝青坊主']",2024-09-10 16:57:40
话题劲爆，尺度大开，明枪开撕，古早娱乐圈有多疯？！,一只吐槽圆,https://www.bilibili.com/video/BV1tS4ve6EVT,106.5万,6543,Not Found,3.6万,2427,3.6万,3337,"['娱乐吃瓜大会', '娱乐', '娱乐杂谈', '杨幂', '章子怡', '范冰冰', '王菲', '刘亦菲', '梁龙', '鲁豫', '大s', '小s', '娱乐吃瓜大会7.0']",2024-09-11 11:00:36
【半佛】你知道五级能耗空调有多可怕吗？,硬核的半佛仙人,https://www.bilibili.com/video/BV1jM4m1a724,134.5万,1360,三体人看到电费都傻眼,6.6万,2749,6.6万,4556,"['财经市场热点观察', '知识', '财经商业', '学习', '创业', '财经', '科普', '生活', '魔幻', '空调', '商业', '生意', '理财能手养成计划']",2024-09-10 17:00:00
让全网吵架的0.5×0.8，到底怎么算？,毕的二阶导,https://www.bilibili.com/video/BV16u4BevEmn,76.7万,1902,"世界级数学难题0.5×0.8到底等于多少
今天毕老师介绍三种方法，很快啊！教大家轻松算对0.5×0.8！",6.0万,2817,6.0万,2823,"['网络热门鉴定', '知识', '科学科普', '科普', '化学', '搞笑', '物理', '数学', '概率论', '小学二年级', '万物研究所·夏日探索计划']",2024-09-11 17:00:00
全国第一人！嘴叼筷子过杨戬！,阿喵的小生活,https://www.bilibili.com/video/BV1qXpneqEBK,104.7万,2901,-,12.4万,12.3万,12.4万,1.7万,"['入坑黑神话悟空', '游戏', '电子竞技', '筷子', '黑神话二郎神', '动作游戏', 'MOBA', '残疾人']",2024-09-09 22:18:17
爸，我一定会努力，成为您折不断的腰板,仔仔的猫meme,https://www.bilibili.com/video/BV1wop7eMEtd,196.0万,1290,-,41.7万,8.1万,41.7万,1408,"['影视', '小剧场', '父亲', '猫meme', '真实还原', '内容来源于网络']",2024-09-09 21:01:47
区区两个亿,鲸鱼妹妹和爸爸,https://www.bilibili.com/video/BV1zc4ae2Eiu,129.5万,179,-,13.0万,309,13.0万,369,"['小狗智商测试', '影视', '短片', '动物总动员-我的宠物不一样']",2024-09-10 17:12:53
灭门暗杀、权色交易、母女变姐妹？横扫第54届金马奖的电影到底有多敢拍？《血观音》,阿斗归来了,https://www.bilibili.com/video/BV1rk4peoEo2,78.6万,2536,"国产高分电影：

《笼民》：BV1Tf4y1D7wE《无人区》：BV1zy411i7o8《驴得水》：BV1ay421i7oC《钢的琴》：BV1dJ4m1b7s6《追凶者也》：BV1jN4y1h7Yj《一代妖后》：BV1Lo4y1d78z《火烧红莲寺》：BV1bU4y1x76o《南海十三郎》：BV11K4y1Z7Kt喜欢的话多多点赞、投币、收藏吧，你们的三连支持就我更新的最大动力。
更多精彩内容，关注我的微信公众号——阿斗归来了（adouGLL）",2.9万,8650,2.9万,1218,"['让人惊艳的悬疑佳作', '影视', '影视杂谈', '悬疑', '惊悚', '惠英红', '影评杂谈', '高分电影', '吴可熙', '血观音', '文淇', '金马奖最佳', '人人都能聊影视3.0']",2024-09-12 19:00:25
【雷军】Are you OK？这次非常OK！,雷军,https://www.bilibili.com/video/BV18E4nevEvF,115.4万,650,我们买了OK手势的版权，做了非常OK的气门芯帽，也欢迎更多有才华的设计师和我们合作～,11.2万,1627,11.2万,2605,"['科技', '数码', '雷军', '小米', '雷军的好物分享']",2024-09-12 19:00:00
她突然意识到，坐在旁边的帅哥竟是上高中时暗恋的对象...,木野探影,https://www.bilibili.com/video/BV1c74YeRED6,74.9万,3,完整版,2916,1202,2916,25,"['影视', '影视杂谈', '春色寄情人', '李现', '周雨彤', '治愈爱情']",2024-09-10 23:05:27
延迟退休政策细则（详细解读）,央视新闻,https://www.bilibili.com/video/BV1Vh4be8EFs,99.6万,24,Not Found,2.1万,1286,2.1万,3.4万,"['资讯', '综合', '社会', '退休']",2024-09-13 15:01:53
黑神话悟空 第十二期，结局,鲤鱼Ace,https://www.bilibili.com/video/BV1MA4HevECL,49.1万,1.1万,黑神话悟空 第十二期，结局,2.1万,8725,2.1万,339,"['整点电子榨菜', '游戏', '单机游戏', '结局', '搞笑', '孙悟空', '黑神话悟空', '鲤鱼', '隐藏结局']",2024-09-12 14:31:10
小鹏MONA M03：喷什么都行！别喷续航！！,大鹏快开车,https://www.bilibili.com/video/BV1ur4keFEGy,72.2万,5133,"该来的总会来的，生活如是，推车也是如是……
一键三连吧，咱们都哥们儿！么么哒",3.8万,1.3万,3.8万,6139,"['汽车', '新能源车', '续航粉碎计划', '小米su7', '小鹏mona', '小鹏mona m03', 'mona m03', '国产车', '小米汽车', '电动车', '小鹏汽车']",2024-09-12 09:00:00
室友宣布2262年好消息，下一秒心凉了,峻宁峻宁,https://www.bilibili.com/video/BV1a9pxeGEJR,191.9万,368,看你能解锁多少沙雕快乐,9.5万,306,9.5万,1502,"['戏精整活大赏', '影视', '小剧场', '搞笑', '原创', '大学', '生活', '校园', '博主', '套路', '好消息', '室友', 'B站剧情创作人2.0']",2024-09-12 09:00:00
疑似星核猎手80事件流出,一只大蓝莓,https://www.bilibili.com/video/BV1hQ4zeRE36,55.6万,80,-,6.1万,1493,6.1万,1919,"['崩坏：星穹铁道创作者激励计划', '时尚', '仿妆cos', '二次元', 'cos', '崩坏星穹铁道', '卡芙卡', '崩坏星穹铁道2.5创作者激励计划', '银狼', 'Cosplay']",2024-09-11 17:14:34
澳门.天巢 厨子探店¥0528,真探唐仁杰,https://www.bilibili.com/video/BV1yapEeVERf,66.3万,1448,世界排名都是前几的餐厅！吃完以后居然被自己人坑了！,5.8万,1720,5.8万,1371,"['我们的小城游记', '美食', '美食侦探', '美食', '探店', '美食探店']",2024-09-11 11:30:00
《绝区零》1.2版本「火狱骑行」前瞻特别节目,绝区零,https://www.bilibili.com/video/BV1J34feREM5,53.1万,7511,"《绝区零》1.2版本「火狱骑行」将于2024年9月25日正式上线，S级代理人「凯撒」即将加入独家频段，感谢各位绳匠的关注与支持~

本次特别节目中的一切人物、故事、设定仅为节目包装，均与《绝区零》原作无关，展示画面与奖励等均为开发中内容，实际内容请以正式上线为准。
另外，本次特别节目中的兑换码将于9月14日 23:59:59失效，记得尽快兑换哦~
 ‌
配音演员：刘雨轩，苏子芜，葛子瑞

—— 欢迎来到新艾利都！——
bilibili安卓端下载地址：https://www.biligame.com/detail/?id=108434bilibiliPC端下载地址：https://www.biligame.com/detail/?id=111210",4.3万,1.1万,4.3万,2070,"['游戏', '手机游戏', '手游', '新游', '凯撒', 'ARPG', '卡吕冬之子', '柏妮思', '绝区零1.2', '火狱骑行', '米哈游', '绝区零']",2024-09-13 20:15:00
《黑神话：悟空》制作花絮 | 黄风大圣配音片段,8082Audio,https://www.bilibili.com/video/BV1Ct4ze3EAc,95.6万,1279,"“我来助你！”
你最给力的NPC伙伴黄风大圣——
黄风阵镇风门进门右转，等你~",5.3万,8228,5.3万,5502,"['黑神话天命人来也', '游戏', '单机游戏', '花絮', '配音', '黑神话悟空', '我来助你', '黄风大圣', '《黑神话：悟空》8.20 直面天命']",2024-09-11 18:18:29
